{"cameraMode":{"drawMode":0,"name":"Shaded","section":"Shading Mode"},"sceneLighting":true,"audioPlay":false,"sceneViewState":{"showFog":true,"showMaterialUpdate":true,"showSkybox":true,"showFlares":true,"showImageEffects":true,"showParticleSystems":true},"in2DMode":false,"pivot":{"x":1.1027374267578126,"y":1.9348435401916505,"z":-2.118353843688965},"rotation":{"x":-0.059820059686899188,"y":0.9281315207481384,"z":-0.17062753438949586,"w":-0.32539236545562746},"size":22.0,"orthographic":false}